{"minzoom":0,"maxzoom":9,"center":[-16.523438,14.264126,9.0],"bounds":[-17.529295,12.307848,-11.342037,16.691088]}