{"minzoom":0,"maxzoom":8,"center":[-13.359375,13.238984,8.0],"bounds":[-17.529295,12.307848,-11.342037,16.691088]}